captainName,rank,nationality,company,Image
Melville van Carnbee,Kapitein,Dutch,MAR,assets/img/Melvill_van_Carnbee.jpg
A Scott,Captain,British,RN,
Hoogenhouck Fullekes,LtZ-1,Dutch,,
J.F. Klomp,Kapitein,Dutch,,
DOMINGO BONECHEA,CAPITAN,Spanish,,
Jacobus Buijs,KtZ,Dutch,,
Ambrose Reddell,Captain,British,RN,
MIGUEL MONTEMAYOR,TENIENTE,Spanish,,
William Brereton,Captain,British,RN,
MANUEL LPEZ BRAVO,CAPITAN,Spanish,,
L.J. Wilhelmie,,Dutch,,
Thomas Twysden,Captain,British,RN,
S. van de Koppel,Kapitein,Dutch,"H. v. Rijckevorsel, Rotterdam",
A. Plug,Kapitein,Dutch,,
J.P.D. Scheidius,officier/gezagvoerder/pas,French,MAR,
W.L. Veerman,Luitenant 2e kl.,Dutch,ADM,
ANTONIO DE CORDOBA,CAPITAN,Spanish,,
Christopher Atkins,Captain,British,RN,
Pieter Jacob Gervais,Kapitein,Dutch,ADM,
Edward Osborn,Captain,British,RN,
Osterloo,Kapitein,Dutch,ADM,
de Secquille,Cdt.,French,,
Julian Legge,Captain,British,RN,
J.L. Bosch,Kapitein,Dutch,ADM,
Luis Antonio de Musquez,Capitan,Spanish,,
Digby Dent,Captain,British,RN,assets/img/Digby_Dent.jpg
JUAN TOMASCO(?),CAPITAN,Spanish,,
S. Delclisus,Kapitein,Dutch,,
FCO. GIL Y LEMOS,CAPITAN,Spanish,,
William Compton,Captain,British,RN,assets/img/William_Compton.jpg
A.H.C. Staringh,Kapitein,Dutch,ADM,
J.M. Poldens,KtZ,Dutch,ADM,
James Shirley,Captain,British,RN,
L.H. van Oijen,Kapitein,Dutch,ADM,
JOSE GRANDELLANA,TENIENTE DE NAVIO,Spanish,,
Dick Gamage,Captain,British,EIC,
Olfert Michielsen,,Dutch,MCC,
C. van Gennep,Kapitein,Dutch,ADM,
Thomas Burnett,Captain,British,RN,
LUIS FCO. VARONA,CAPITAN,Spanish,,
William Woodbridge,Captain,British,RN,
Richard Hughes,Captain,British,RN,
JOSEPH DE LA SOMAGIA,CAPITAN,Spanish,,
Nicholas Vincent,Captain,British,RN,
FRANCISCO BANZES,BRIGADIER,Spanish,,
Bruhn,Kapitein,Dutch,MER,
H. de Rijn,Kapitein,Dutch,,
Thomas Hayward,Captain,British,RN,
M. De Remond,Cdt.,French,,
H. Barbier,LtZ,Dutch,MER,
FRANCISCO DE MEDINA,COMANDANTE,Spanish,,
James Agassiz,Captain,British,RN,
Samuel Osborn,Captain,British,RN,
James Walter,Captain,British,EIC,
M. Du Rouzet,Cdt.,French,,
Aron Vogelsang,Kapitein,Dutch,ADM,
Jan Bloem,Kapitein,Dutch,,
FELIPE GONZALEZ,COMANDANTE,Spanish,,
George Pocock,Captain,British,RN,assets/img/george_pocock.jpg
H.Z.A. Guinoseau,Kapitein,Dutch,MAR,
William Merrick,Captain,British,RN,
Albertus Delvos,Kapitein,Dutch,ADM,
Felix de la Palisse,Cdt.,French,,
James Pigott,Captain,British,RN,
JOS_ SOMALIA,CAPITAN,Spanish,,
J.W. Pichot,Journaalhouder,Dutch,,
P. Vis,Kapitein,Dutch,,
John Cowling,Captain,British,RN,
A. Hijne,Kapitein,Dutch,VOC,
Thomas Robertson,Captain,British,EIC,
JOSE DE LA SOMALLA (?),CAPITAN,Spanish,,
C. de Jong van Rodenburgh,,Hamburg,,
B. van der Tak,Kapitein,Dutch,,
John Spranger,Captain,British,RN,
Robert Kirk,Captain,British,RN,
William Waldgrave,Captain,British,RN,
FCO. MEDINA,CAPITAN,Spanish,,
John Hallwall,Captain,British,RN,
Edward Ramage,Captain,British,RN,
H. Hofmeijer,Kapitein,Dutch,ADM,
Andrew Tool,Captain,British,RN,
J.L. de Boer,Kapitein,Dutch,,
MARTIN LAZTARRIA,CAPITAN,Spanish,,
FIDEL DE ESLAVA,CAPITAN,Spanish,,
J.P. Woutersz.,1e Luitenant,Dutch,Marine,
James Howell Jones,Captain,British,RN,
John Osborne,Captain,British,RN,
Simon Loopuyt,Kapitein,Dutch,ADM,
Scory Barker,Captain,British,RN,
W.H. van Sinsen,Kapitein,Dutch,ADM,
JUAN DE LANGARA Y DUARTE,CAPITAN,Spanish,,
M. Begon,Cdt.,French,,
G. Dixon,Captain,British,,
Manuel A. de la Villa,Capitan,Spanish,,
De Smit v.d. Broocke,Ltz. 1e klas,Dutch,,
,,French,,
Charles Saxton,Captain,British,RN,
Charles Douglas,Captain,British,RN,
William Parker,Captain,British,EIC,
JUAN TOMASCO (?),CAPITAN,Spanish,,
ROMN DE NOVIA Y SALCEDO,CAPITAN,Spanish,,
William Parker,Captain,British,RN,
John Clerke,Captain,British,RN,
JOSEPH DE LOREDO,PILOTO,Spanish,,
A. Hazekamp,Kapitein,Dutch,,
William Mainwaring,Captain,British,RN,
H.W. van Maren,Ktz,Dutch,ADM,
John Burr,Captain,British,RN,
John Scaife,Captain,British,RN,
M. De Aubigny,Cdt.,French,,
Thomas Riddell,Captain,British,EIC,
Richard Knight,Captain,British,RN,
Benjamin Page,Captain,British,RN,
H. Reinierssen,Kapitein,Dutch,,
C.H. Braad,Clerk,Swedish,Swedish East India Company,
W. Enslie,KLtZ,Dutch,MAR,
BENITO ANTONIO DE LIRA,COMANDANTE,Spanish,,
William Bryer,Captain,British,RN,
FRANCISCO EVIAS,,Spanish,,
Hilde Hendricksz Hoek,Kapitein,Dutch,ADM,
Thomas Collingwood,Captain,British,RN,
John Luttrell,Captain,British,RN,
Thomas Allwright,Captain,British,RN,
JOS_ DE VARGAS MACHUCA,CAPITAN,Spanish,,
Thomas Pakenham,Captain,British,RN,
PEDRO JUAN DE ABARACOA,CAPITAN Y PILOTO,Spanish,,
J. Hoffmeijer,Schrijver,Dutch,MER,
M. Beudan de Bois Laurent,Cdt.,French,,
Robert Barboun,Captain,British,RN,
John Elliot,Captain,British,RN,
Richard Bickenton,Captain,British,RN,
M. Saulx de Rosnevet,Cdt,French,,
W. Steffens,Kapitein,Dutch,,
Edward Fellowes,Captain,British,RN,
DESCONOCIDO,,Spanish,,
Thomas Pasley,Captain,British,RN,
M. De la Cardonnie,Cdt.,French,,
MARTIN DE LASTARRIA,CAPITAN DE FRAGATA,Spanish,,
Pieter Grijp,Derde Waak,Dutch,VOC,
VICTOR MARA DE ANDARIENGOCHEA,CAPITAN,Spanish,,
C. De Bruyerea,Cdt.,French,,
TOMAS GERALDINO Y GERALDINO,COMANDANTE,Spanish,,
George Barker,Captain,British,RN,
Brandligt,Kapitein,Dutch,,
Coningsby Norbury,Captain,British,RN,
William Harington,Captain,British,EIC,
Juan Tutzo,Capitan,Spanish,,
H. de Wijn,,Dutch,MER,
Pvt de la Croix ,Cdt.,French,,
FEDERICO VARGAS,COMANDANTE,Spanish,,
Zuilen van Nijeveld,Kapitein,Dutch,ADM,
Vicente de Uraga,Capitan,Spanish,,
William King,Captain,British,RN,
W.A. Lans,,Dutch,MAR,
D.A. Zijlstra,Kapitein,Dutch,,
Oudkerk Pool,Kapitein,Dutch,MAR,
J. Kloppenburg,Kapitein,Dutch,,
M de Beauchesne,Lt,French,,
Velthoven,Kapitein,Dutch,,
L. Bakker,Kapitein,Dutch,MAR,
RAMIREZ DE ARELLANO,CAPITAN,Spanish,,
H. Rollfs,Kapitein,Dutch,,
H.H.T. Coops,KLtZ,Dutch,MAR,
"JUAN VARCRCEL, MARQU_S DE MED",CAPITAN,Spanish,,
A. de Monye,Kapitein,Dutch,Marine,
Jeremiah Dawkins,Captain,British,EIC,
MARTN LAZTARRIA,COMANDANTE,Spanish,,
Willem Kreekel,Commandant,Dutch,ADM,
J.G. Schr_der,Kapitein,Dutch,,
James Burney,Captain,British,RN,
William Ward Farren,Captain,British,EIC,
J.B. Giezen,Kapitein,Dutch,,
IGNACIO MARIA DE ALAVA,COMANDANTE,Spanish,,
Thomas Davey,Captain,British,RN,
G. Abrahams,Kapitein,Dutch,Marine,
George Keith Elphinstone,Captain,British,RN,
Joseph Ellison,Captain,British,RN,
Matthew Boyd,Captain,British,EIC,
,,Dutch,,
Martoelet,Kapitein,Dutch,MAR,
Thomas Male,Captain,British,RN,
J.H. de Raes,Luitenant ter Zee,Dutch,Marine,
Francois Moser,Gezaghebber,Dutch,VOC,
Van Helsdinge,commandant,Dutch,ADM,
R Pennell,Captain,British,EIC,
Henry Broadly,Author,British,EIC,
James Bradby,Captain,British,RN,
Francis S Drake,Captain,British,RN,
D.G. Muller,Adelborst 2e klas,Dutch,MAR,
Thomas Dethick,Author,British,EIC,
N.P. Blommendal,KLtZ,Dutch,,
A.A. Buyskes,Luijtenant,Dutch,ADM,
Alex Henry Bond,Captain,British,EIC,
Charles Grant,Captain,British,RN,
FCO. BANZES,CAPITAN,Spanish,,
G. van Rentergem,Schipper,Dutch,VOC,
C.J. Blok,Kapitein,Dutch,MER,
C.J. Palm,Kapitein,Dutch,ADM,
Hon William Waldgrave,Captain,British,RN,
FRANCISCO BANCES CANDAMO,BRIGADIER,Spanish,,
John Knight,Author,British,RN,
G. Slichtenbree,Kapitein,Dutch,,
Jos Suarez Quir_s,Capitan,Spanish,,
George Bridges Rodney,Captain,British,RN,
Carel Breedau,Kapitein,Dutch,MCC,
John Tedd,Author,British,EIC,
Manuel Fernndez Trelles,Capitan,Spanish,,
Montgomerie Hamilton,Captain,British,EIC,
Gerardus Oosthuis,Kapitein,Dutch,MAR,
Philip Batholomew,Captain,British,RN,
Juan Tuxzo,Capitan,Spanish,,
Henry Drummond,Captain,British,EIC,
Henry Drummond,Captain,British,RN,
J. le Jeune,LtZ 1e klasse,Dutch,MAR,
JOSEF DE VARGAS,COMANDANTE Y CAPITN,Spanish,,
W.A. Geesteranus,Ktz,Dutch,MAR,
Henry Dennis,Author,British,RN,
Geweldige,,Dutch,MER,
Ebels,Kapitein,Dutch,,
C. Eeg,KLtz,Dutch,MAR,
John Okes,Captain,British,RN,
William Goate,Captain,British,RN,
Thomas Gosselin,Captain,British,RN,
Jonathan Stott,Captain,British,RN,
SANTOS RODRGUEZ,CAPITAN,Spanish,,
William Ranier,Captain,British,RN,
Anthonij Theodorus Detmers,1e Officier,Dutch,MAR,
Mungo Gilmore,Captain,British,EIC,
William Lloyd,Captain,British,RN,
John Turner,Captain,British,Hudson Bay Company,
Thomas Wilkinson,Captain,British,EIC,
W. van der Beets,Kapitein,Dutch,ADM,
FRANCISCO MELGAREJO,CAPITAN,Spanish,,
J.A. de Maas,Kapitein,Dutch,,
Thomas Wilkinson,Captain,British,RN,
J.B. Fuchs,,Dutch,MER,
JOSE DE JULIN,CAPITAN,Spanish,,
J.W. de Velde,1e Officier,Dutch,MAR,
F. de Jong,Kapitein,Dutch,,
A. Schaap,Kapitein,Dutch,MER,
Richard Hill,Captain,British,EIC,
William Garnier,Captain,British,RN,
Ben Caldwell,Captain,British,RN,assets/img/Ben_Caldwell.jpg
F.W. Freudenberg,KLtZ,Dutch,MAR,
J. van der Straaten,KLtZ,Dutch,MAR,
Jacob Pieter van Braam,Kapitein,Dutch,ADM,
M. De Vaugiraud,Cdt.,French,,
M. Vidal D Audiffret,Cdt.,French,,
Josias Rowley,Captain,British,RN,assets/img/JosiasRowley.jpg
F. Sweer,LtZ,Dutch,ADM,
ANTONIO POSADAS,CAPITAN,Spanish,,
JUAN JOSE DE ELIZALDE,TENIENTE DE NAVIO,Spanish,,
John Hamilton,Captain,British,RN,
John Clements,Captain,British,EIC,
Joseph Spear,Captain,British,RN,
M. Saxe,Schipper,Dutch,WIC,
RUBALCABA,CAPITAN,Spanish,,
Robert Carre,Captain,British,RN,
J Collins,Captain,British,EIC,
William Norton,Captain,British,RN,
FRANCISCO FORNAGUERA,CAPITAN,Spanish,,
Juan Manuel de las Cagigas,Capitan,Spanish,,
Thomas Underwood,Captain,British,RN,
John Drew,Captain,British,RN,
M.B. Hoffman,Kapitein,Dutch,MER,
Keith Maxwell,Captain,British,RN,
John Cook,Captain,British,EIC,
C. Mattijsen,Kapitein,Dutch,MCC,
Jacob Watton,Captain,British,RN,
C. Schroeder,KLtZ,Dutch,ADM,
C. van der Hart,KLtZ,Dutch,,
J.J. Rotgans,Kapitein,Dutch,,
O. Magielsen,Schipper,Dutch,MCC,
M. Hocquart,Cdt.,French,,
Richard Roddam,Captain,British,RN,
J.R. Butter,Kapitein,Dutch,,
James Ferguson,Captain,British,RN,
ANDR_S DE LLANO,ALF_REZ,Spanish,,
George Stephens,Captain,British,RN,
George Gregory,Captain,British,RN,
John Patterson,Captain,British,EIC,
Mitchell Graham,Captain,British,RN,
William Hunt,Captain,British,EIC,
EXCMO. SR. DON JUAN BAUTISTA B,ALMIRANTE,Spanish,,
Jacob Rijzik van den Briel,Kapitein,Dutch,VOC,
Peregrine Berlie,Captain,British,RN,
P. J. Kerkhoven,Kapitein,Dutch,,
F Reynolds,Captain,British,RN,
ESTEBAN JOSEPH MARTNEZ,ALF_REZ DE NAVO DE LA RE,Spanish,,
Richard Dorrill,Captain,British,RN,
D. Hofker,Kapitein,Dutch,,
Cuthbert Collingwood,Captain,British,RN,assets/img/Cuthbert_Collingwood.jpg
Samual Hall,Captain,British,RN,
L.L. Spengler,KLtZ,Dutch,,
DOMINGO GORROSARRI,PILOTO,Spanish,,
J.T. Pronk,Kapitein,Dutch,,
John Bladen Tinker,Captain,British,RN,
JUAN DEL CAMINO,CAPITAN,Spanish,,
Jos de Santalices,Capitan,Spanish,,
H. A. Jacomettie,Kapitein,Dutch,,
ANTONIO GALEANO,CAPITAN,Spanish,,
Sir William Chaloner Burnaby,Captain,British,RN,
Norton Hutchinson,Captain,British,EIC,
TORCUATO DE SILVA,CAPITAN,Spanish,,
G. den Berger,KLtZ,Dutch,ADM,
FERNANDO DE VIERA,TENIENTE DE FRAGATA,Spanish,,
De Retz,Cdt.,French,,
H.R. Mankman,Kapitein,Dutch,,
FERNANDO DE MIERA,TENIENTE DE NAVO,Spanish,,
H. Porwater,,Dutch,VOC,
ALBERTO OLONDO,CAPITAN,Spanish,,
JOSE DE JULIAN,CAPITAN,Spanish,,
David Holme,Captain,British,EIC,
James Vashon,Captain,British,RN,assets/img/Admiral_James_Vashon.jpg
I. Hensing,Kapitein,Dutch,,
De Begue,Cdt.,French,,
Manuel Fernandez Trelles,Capitan,Spanish,,
Voizard,Cdt.,French,,
James Rodney,Captain,British,RN,
M.J.B. Noordhoek Stegh,Kapitein,Dutch,,
Samuel Barrington,Captain,British,RN,assets/img/Samuel_Barrington.jog
Manuel Mndez,Capitan,Spanish,,
Charles Sawyer,Captain,British,RN,
Mateo de Urcullu,Capitan,Spanish,,
Jan Pieter Hextel,Kapitein,Dutch,MER,
Issac Smith,Captain,British,RN,
M. Du Kearney,Cdt.,French,,
John Thomas Duckworth,Captain,British,RN,
,,Dutch,MER,
George Eyre,Captain,British,RN,
M.Schaap,Kapitein,Dutch,,
Horatio Nelson,Captain,British,RN,
Francis Samual Drake,Captain,British,RN,
C Hope,Captain,British,RN,
Mullon,Cdt.,French,,
Ch.DEsnos,Cdt.,French,,
S. van Duijn,Kapitein,Dutch,,
FRANCISCO VANZES,CAPITAN,Spanish,,
La Rochelerie,Cdt.,French,,
Phillip Affleck,Captain,British,RN,
P.J. Boursse Wils,Kapitein,Dutch,,
Arthur Fanshawe,Captain,British,RN,
Charles Thompson,Captain,British,RN,
E. Brouwers,Kapitein,Dutch,,
J. Spanjaard,KLtZ,Dutch,,
James Coxwell,Captain,British,EIC,
De Blnac,Cdt.,French,,
J.G. Appel,Kapitein,Dutch,,
Jan van Kerkhoven,,Dutch,MCC,
J. Menkenveld,,Dutch,MCC,
J. Hensing,Kapitein,Dutch,MER,
de Boub,Cdt.,French,,
Delvos,Officier,Dutch,ADM,
William Lyall,Captain,British,RN,
JUAN RUIZ DE APODACA,CAPITAN,Spanish,,
Robijn,Chirurgijn,Dutch,MAR,
F.B. Teuneszen,Kapitein,Dutch,,
Huijs,Luitenant ter Zee,Dutch,MAR,
FERNANDO RODRGUEZ VARCLCEL,COMANDANTE,Spanish,,
H. van de Velde,KLtZ,Dutch,,
Francisco de Larrea,Capitan,Spanish,,
A. Schaap,Kapitein,Dutch,,
J.W. Moll,,Dutch,ADM,
Francis Austen,Captain,British,RN,
C. Schoewert,Kapitein,Dutch,,
Pieter de Moor,Schipper,Dutch,MCC,
John Ball,Captain,British,RN,
De Ferrires,Cdt.,French,,
Thomas Saumarez,Captain,British,RN,
C.M. Borghorst,Kapitein,Dutch,,
James Carthew,Captain,British,RN,
Coupland,Captain,British,,
William Waller,Captain,British,RN,
Juan A Gonzlez,Capitan,Spanish,,
John Moutray (author),Captain,British,RN,
Robert Drummond,Captain,British,EIC,
J. Wichers,Raad Just.,Dutch,VOC,
Pieter Clement,Kapitein,Dutch,VOC,
Simon Loopuit,Kapitein,Dutch,ADM,
Hendrik Santleven,Kapitein,Dutch,MCC,
Koopmans,Kapitein ter Zee,Dutch,Marine,
M.Hocquart,Cdt.,French,,
C. Abrahams jr.,Kapitein,Dutch,,
James Cornwallis,Captain,British,RN,
J. Henkens,,Dutch,,
C.A. Bodel,KLtZ,Dutch,ADM,
J.F.Q. Bouricius,KLtZ,Dutch,,
TOMS SARALEGUI,CAPITAN,Spanish,,
D. Charlau,Kapitein,Dutch,MER,
Christoon Fummack,Kapitein,Dutch,VOC,
Limburg Stirum,Lt ter Zee,Dutch,Marine,
Roger Fish Palmer,Captain,British,EIC,
M.B. Hoffman,Kapitein,Dutch,,
Benjamin Marlow,Captain,British,RN,
Alexander Innes,Captain,British,RN,
Charles Anbobus,Captain,British,RN,
ALBERTO DE OLANDO,CAPITAN,Spanish,,
ANTONIO ULLOA,CAPITAN,Spanish,,
Benjamin Caldwell,Captain,British,RN,
Edward Cooke,Captain,British,RN,
Thomas Freemantle,Captain,British,RN,
R Roddam,Captain,British,RN,
ALONSO DE LA RIVA,TENIENTE DE NAVO,Spanish,,
John Stuart,Captain,British,EIC,
Edward Hamilton,Captain,British,RN,assets/img/Edward_Hamilton.jpg
John Stuart,Captain,British,RN,
William Marsh,Captain,British,RN,
Christopher Cole,Captain,British,RN,
C. Overbeek,,Dutch,VOC,
William Carthew,Captain,British,RN,
George Teer,Captain,British,RN,
H.P.N. t Hooft,LtZ,Dutch,ADM,
Henry Leigh,Captain,British,EIC,
MANUEL DE VICTORIA,ALF_REZ DE FRAGATA,Spanish,,
Francis William Drake,Author,British,RN,
Thomas Debuke,Captain,British,EIC,
F.C. Cars,Kapitein,Dutch,,
ANTONIO DE MONTES,CAPITAN,Spanish,,
FCO. SANTISTEBAN,CAPITAN,Spanish,,
J. P. Woutersz,Kltz,Dutch,MAR,
W.H. van Voss,Kapitein,Dutch,,
Cornelis van der Stam,Captijn Luitenant ter Zee,Dutch,VOC,
F. van Rossem,Kapitein,Dutch,,
William Maxwell,Captain,British,EIC,
Robert Faulkner,Captain,British,RN,
A.D. Voigt,LtZ 1e Klas,Dutch,MAR,
Joseph Dudman ,Captain,British,EIC,
Peter Rainier,Captain,British,RN,
von Romer,KLtZ,Dutch,MAR,
Francis Grant Gordon,Captain,British,RN,
E. Lucas,Kapitein,Dutch,MAR,
Cayetano Ant_nez,Capitan,Spanish,,
F.C. Zwaanshals,KLtz,Dutch,ADM,
John Gardner,Captain,British,RN,
Constantine John Phipps,Captain,British,RN,
Van der Plaat,Kapitein ter Zee,Dutch,Marine,
,,British,Hudson Bay Company,
James Feathas,Captain,British,RN,
I.A. Houtman,Kapitein,Dutch,MAR,
C.P. Kuiper,Kapitein,Dutch,ADM,
G Malloy,Captain,British,RN,
I. Hensing,Kapitein,Dutch,MER,
William Philipps,Captain,British,RN,
JOS_ FERMN PAVA,CAPITAN,Spanish,,
Roger Curtis,Captain,British,RN,
John Lloyd,Captain,British,RN,
Jos de Santelices,Capitan,Spanish,,
MARQU_S DE CASA TILLY,CAPITAN,Spanish,,
N.L. Koops,KLtZ,Dutch,ADM,
G. Bort,Kapitein,Dutch,ADM,
John Holwell,Captain,British,RN,
James Stevenson,Captain,British,RN,
U Baarends,schipheer,Dutch,VOC Z,
J.A. Scott,Kapitein,Dutch,,
John Stanhope,Captain,British,RN,
PABLO LASAA,CAPITAN,Spanish,,
S.J. Rijsen,LtZ,Dutch,MAR,
James Williams,Captain,British,RN,
Verduin de la Crenne,Luitenant,French,,
JUAN DE MENDOZA,CAPITAN,Spanish,,
A. W. de Man,,Dutch,ADM,
James Halliburton,Captain,British,EIC,
John Brooks,Captain,British,RN,
P. Pieterzen,Ktz,Dutch,MAR,
Robert Parker,Captain,British,RN,
John Leary,Captain,British,RN,
Philip Affleck,Captain,British,RN,assets/img/Philip_Affleck.jpg
Van Rijn,Luitenant ter Zee,Dutch,Marine,
Masterson,Captain,British,RN,
Van der Tak,Kapitein,Dutch,,
Ignacio Prez,Capitan,Spanish,,
Arent Dahmes,LtZ,Dutch,VOC,
MARQU_S DEL SOCORRO,CAPITAN,Spanish,,
H. Rijsterborgh,Ltz,Dutch,Adm,
A.H. Huyman,,Dutch,,
Adriaen Jongekoe,Opperstuurman,Dutch,VOC,
JUAN RODRGUEZ DE VALCRCEL,CAPITAN,Spanish,,
FELIPE GONZLEZ,CAPITAN,Spanish,,
Duntjer,Kapitein,Dutch,,
A.A. Bolken,LtZ 1e klasse,Dutch,MAR,
Thomas Frognall,Captain,British,EIC,
Anemaet,Luitenant ter Zee,Dutch,MAR,
Thomas Wakefield,Captain,British,EIC,
Puttney Malcolm,Captain,British,RN,assets/img/Pulteney_Malcolm.jpg
John Doling,Captain,British,RN,
William Durban,Captain,British,RN,
C. de Cerf,KLtZ,Dutch,MAR,
James Hawker,Captain,British,RN,
G. Mulder,Kapitein,Dutch,,
Cornelis van de Putte,Kapitein,Dutch,VOC,
PEDRO LEYVA,CAPITAN,Spanish,,
M. Macarty,Cdt,French,,
"J,F. van Capelle",Kapitein,Dutch,ADM,
Thomas McTaggort,Captain,British,EIC,
ANTONIO OSORNO,CAPITAN,Spanish,,
John Falkingham,Captain,British,RN,
H. Rijsterborgh,Ltz,Dutch,ADM,
J. Malck,Kapitein,Dutch,VOC,
Koopman,Luitenant ter Zee,Dutch,MAR,
Issac George Manley,Captain,British,RN,
Edward Gascoigne,Captain,British,RN,
Edward Thompson,Captain,British,RN,
A.A. Buyskes,Luijtenant,Dutch,MAR,
J.F. Klomp,Kapitein,Dutch,MER,
Samuel Scott,Captain,British,RN,
George Farmer,Captain,British,RN,
Thomas Lloyd,Captain,British,RN,
William Lloyd (15th onward),Captain,British,RN,
de Rals,Cdt,French,,
Henry Stanhope,Captain,British,RN,
J.P. Huijs,Kapitein ter Zee,Dutch,MAR,
John Robinson,Captain,British,RN,
A. Glover,Captain,British,EIC,
Robert Montague,Captain,British,RN,
Juan Manuel  de las Cagigas,Capitan,Spanish,,
George Gayton,Captain,British,RN,
Hugh Bonfoy,Captain,British,RN,
Godfried Wargijn,Kapitein,Dutch,VOC,
Mathew Smith,Captain,British,RN,
Gerardus Oosthuis,Kapitein,Dutch,ADM,
J.W. v/d Velden,Onderkoopman,Dutch,VOC,
Juan Antonio Gonzlez,Capitan,Spanish,,
James Bissett,Captain,British,RN,
A.J. Tam,KLtZ,Dutch,MAR,
Philip Beaver,Captain,British,RN,
Maurice Suckling,Captain,British,RN,
Cuvel,Kapitein,Dutch,ADM,
JUAN DE LANGARA,CAPITAN,Spanish,,
Henry Bellow,Captain,British,RN,
Richard H. A. Bailey,Captain,British,RN,
Weird,Schipper,Dutch,MCC,
William Carnegie,Captain,British,RN,
Antonio de la Cuadra,Capitan,Spanish,,
SALVADOR MEL_NDEZ,TENIENTE,Spanish,,
J.W. Pichot,Journaalhouder,Dutch,MER,
de Puget - Bras,Cdt.,French,,
John Corner,Captain,British,RN,
JUAN DE CASENS,,Spanish,,
George Lumsdaine,Captain,British,RN,
George Heming,Captain,British,EIC,
J. Vos van Marken,Kapitein,Dutch,,
Richard Braithewaite,Captain,British,RN,
Buijs,Kapitein,Dutch,ADM,
Francisco Antonio Abello,Capitan,Spanish,,
Albert Wigman,Kapitein,Dutch,MCC,
James Chads,Captain,British,RN,
C. van Vlaanderen,Schipper,Dutch,VOC,
L.J. Rotgans,Kapitein,Dutch,,
Froger de Leguille,Cdt.,French,,assets/img/Michel_Joseph_Froger_de_l_Eguille.jpg
BORJA,CAPITAN,Spanish,,
David Davis,Stuurman,British,EIC,
Richard Howe,Captain,British,RN,
F.C. Jaskie,,Dutch,,
F.P.J. Jaski,,Dutch,,
R. Routh,Captain,British,RN,
William Cleverley,Captain,British,RN,
Willem Vrugt,Kapitein,Dutch,VOC,
Jos de las Casas,Capitan,Spanish,,
C. Eeg,KLtz,Dutch,ADM,
Lodewijk Grave van Bijland,Kapitein,Dutch,ADM,
Joseph Knight,Captain,British,RN,
Christpher Rigby,Captain,British,RN,
Robert Jocelyn,Captain,British,RN,
M. Du Le Large,Cdt.,French,,
Charles Foulis,Captain,British,EIC,
R.W Taylor,Captain,British,RN,
M de Voutron,Cdt.,French,,
Francisco de Llanos,Capitan,Spanish,,
ALEJO GUTI_RREZ DE RUBALCABA,CAPITAN,Spanish,,
JUAN PUJADAS,CAPITN,Spanish,,
Captain Colville,Captain,British,RN,
M. Naisseau de Canilliac,Cdt.,French,,
Patrick Drummond,Captain,British,RN,
Philip Dundas,Captain,British,EIC,
Henry William Bayntun,Captain,British,RN,
De Cumont,"Cdt,",French,,
George Watson,Captain,British,RN,
Simon Hoogerzeyl,Commandeur,Dutch,WHA,
JOAQUN MARA SIERRA,CAPITAN,Spanish,,
Jacob Waller,Captain,British,RN,
S.A. Overvelt,Ktz,Dutch,MAR,
Thomas Surridge,Captain,British,RN,
George Oakes,Captain,British,RN,
De Razily,Cdt.,French,,
J.T.C. Wardenburg,Kapitein,Dutch,MAR,
Robert Rolles,Captain,British,RN,
CARLOS BADIN,CAPITAN,Spanish,,
B.H. Haring,LtZ,Dutch,MAR,
Johan Friedrich Dalman,,Swedish,Swedish East India Company,
Cayetano Antunez,Capitan,Spanish,,
A. J. van Halm,Luitenant,Dutch,ADM,
Issac Coffin,Captain,British,RN,
Thomas Taylor,Captain,British,RN,
H.W. de Quartel,KLtz,Dutch,ADM,
John Botterell,Captain,British,RN,
James Athol Wood,Captain,British,RN,
Dirk Hallersteede,Schrijver,Dutch,ADM,
A. van der Harst,Kapitein,Dutch,,
Richard Strachan,Captain,British,RN,
Isaac van Kervel,KLtz,Dutch,MAR,
Charles Raill,Captain,British,EIC,
M. De la Rochefoucault,Cdt.,French,,
R. Edwards,Captain,British,RN,
Thomas Leef,Captain,British,RN,
J.J. van Hoeij,Kapitein,Dutch,ADM,
William Mitchell,Captain,British,RN,
Van der Gon,Kapitein,Dutch,ADM,
Jacobus Arkenbout,KtZ,Dutch,VOC,
A. Bezemer,Kapitein,Dutch,,
Thomas Hankenson,Captain,British,RN,
Walter Bathurst,Captain,British,RN,
Tyringham Howe,Captain,British,RN,
DOMINGO COLOMBO,CAPITAN,Spanish,,
A.C. van Braam Nouhgeest,KltZ,Dutch,MAR,
C.L. M_ller,,Dutch,MAR,
J.G.J. Diemer,Kapitein,Dutch,ADM,
Thomas Tolson,Captain,British,EIC,
John Paiba,Captain,British,EIC,
,,Spanish,,
David Milne,Captain,British,RN,
Henry Duncan,Captain,British,RN,
H. de Wijn,,Dutch,,
W.O. Bloys van Treslong,,Dutch,MAR,
Cornelis Van Kakom,Schipper,Dutch,MCC,
Edward LeCras,Captain,British,RN,
Burnet Abercromby,Captain,British,EIC,
FRANSCISCO MELGAREJO,CAPITAN,Spanish,,
P. Dibbetz,Ltz,Dutch,ADM,
Richard Bickerton,Captain,British,RN,
James Orrok,Captain,British,RN,
J. Modera,LtZ,Dutch,MAR,
de Vaugiraud,Cdt.,French,,
P. Haagsma,Kapitein,Dutch,,
J. Delvos,Kapitein,Dutch,ADM,
M. Poulin de Courval,Cdt.,French,,
Jacob Duif,Kapitein,Dutch,,
James Smith,Captain,British,RN,
Cornelis van Hayen,Schipper,Dutch,MCC,
James Young,Captain,British,RN,
James Young,Captain,British,EIC,
F.H. Ampt,KLtZ,Dutch,ADM,
IGNACIO MARA DE LAVA,CAPITAN,Spanish,,
JOSEPH DE LA SOMAGLIA,CAPITAN,Spanish,,
James Alms,Captain,British,RN,
Richard King,Captain,British,RN,
Antonio Albuerne,Capitan,Spanish,,
H.P.Hazewinckel,Kapitein,Dutch,,
Michiel Jurgens,Kapitein,Dutch,VOC,
G. Jonker,LtZ,Dutch,MAR,
FRANCISCO ESPIAN,CAPITAN,Spanish,,
Justice Finley,Captain,British,RN,
W. Tieman,KLtZ,Dutch,MAR,
Issac Prescott,Captain,British,RN,
Issac Smith (prize master),Captain,British,RN,
Edward Marsh,Captain,British,RN,
William Bowen,Captain,British,RN,
A.J.J. van Lustenburg,Kapitein,Dutch,MAR,
William Cleverly,Captain,British,RN,
George Talbot,Captain,British,RN,
J. Hilbrands,,Dutch,,
W. Courrech,1e schrijver,Dutch,MAR,
William Christopher,Captain,British,Hudson Bay Company,
ANTONIO DE CRDOBA,CAPITAN,Spanish,,
Jacobus Arkenbout,KtZ,Danish,OIC,
F.H.J. Taski,Kapitein,Dutch,,
S. Veenstra,,Dutch,,
FELIPE JONGSON,PILOTO,Spanish,,
John Boyd,Captain,British,RN,
H.M. Dibbits,Kapitein,Dutch,,
M. Moriset,Cdt.,French,,
G. T. Hinxt,LtZ,Dutch,MAR,
GREGORIO DE JOSE Y LLAOS,ALFEREZ DE FRAGATA,Spanish,,
William Duddington,Captain,British,RN,
VICENTE TOFIO,CAPITAN,Spanish,,
Claas Jager,Kapitein,Dutch,MAR,
FCO. MELGAREJO,CAPITAN,Spanish,,
PEDRO JUAN DE ABAROA,CAPITAN,Spanish,,
A. Tozer,Captain,British,RN,
E.J. Kok,Kapitein,Dutch,,
FRANCISCO MEDINA,COMANDANTE,Spanish,,
J. Blom,Kapitein,Dutch,,
James Baldwin,Captain,British,EIC,
Henry Bayntun,Captain,British,RN,
Thomas Newnham,Captain,British,RN,
James Tweedale,Captain,British,EIC,
C. Neurenberg,Kapitein,Dutch,,
Joshua Sydney Horton,Captain,British,RN,
JOSEF PONCE,CAPITAN,Spanish,,
D. Keus,Kapitein,Dutch,,
Joseph Boulders,Captain,British,EIC,
Willem de Molder,Schipper,Dutch,MCC,
Thomas Baddison,Captain,British,EIC,
Thomas Alexander,Captain,British,RN,
ANTONIO MAESIA,TENIENTE DE NAVO,Spanish,,
John Searle,Captain,British,RN,
J.P. Carst,,Dutch,MER,
John Markham,Captain,British,RN,
H. Bruhn,Kapitein,Dutch,,
A. de Monije,KtZ,Dutch,ADM,
Richard Smith,Captain,British,RN,
P. van Peer,Kapitein,Dutch,ADM,
Manuel de Abona,Capitan,Spanish,,
B. Bakker,Kapitein,Dutch,,
J. Galus,LtZ,Dutch,MAR,
John Lee,Captain,British,RN,
C. van der Hart,KLtZ,Dutch,MAR,
T. Lancester,Kapitein,Dutch,,
Brodie Hepworth,Captain,British,EIC,
William Scott,Captain,British,RN,
J. Admiraal,Kapitein,Dutch,,
Abrahams,Kapitein,Dutch,Marine,
Samuel Hood Linzee,Captain,British,RN,assets/img/Samuel_Hood_Linzee.jpg
M.C. van Vreeland,Kapitein,Dutch,,
H. Hofmeijer,Kapitein,Dutch,MER,
D. Ochtman,Kapitein,Dutch,,
George Raincock,Captain,British,EIC,
D. van Ketwich,,Dutch,,
JOSE DE BUSTAMANTE Y GUERRA,,Spanish,,
J.W. dEverdinge van der Nijp,Kapitein,Dutch,Marine,
James Ogilvie,Captain,British,EIC,
A. van Wachendorf van Rijn,,Dutch,,
Henry Davis,Captain,British,RN,
Sir Home Popham,Captain,British,RN,assets/img/Home_Riggs_Popham.jpg
Jonathan Falkingham,Captain,British,RN,
FRANCISCO DE BORJA,CAPITAN,Spanish,,
JOS_ DE LA SOMAGLIA,CAPITAN,Spanish,,
JUAN MANUEL DE LA MATA,CAPITAN,Spanish,,
De Momije,Kapitein,Dutch,Marine,
A. van Wijk,Kapitein,Dutch,,
Den Berger,Luitenant,Dutch,Marine,
Benjamin Lowe,Captain,British,EIC,
Mr. MANIER,COMANDANTE,Spanish,,
ANDR_S DE VIEDMA,TENIENTE DE NAVO,Spanish,,
John Gell,Captain,British,RN,
FCO. ANTONIO DE MONTES,CAPITAN,Spanish,,
John Randell,Captain,British,RN,
Thomas Hankerson,Captain,British,RN,
Dirk Varkevisser,Kapitein,Dutch,VOC,
Henry Churchhill,Captain,British,EIC,
T.B. Teunissen,Kapitein,Dutch,,
Sam Thompson,Captain,British,RN,
Charles Hudson,Captain,British,RN,
James Dunbar,Captain,British,RN,
N. Koens,Kapitein,Dutch,,
G.H. Creyke,Captain,British,RN,
LOYGORRI,CAPITAN,Spanish,,
ANDR_S VIEDMA,TENIENTE DE NAVO,Spanish,,
,,Dutch,Marine,
John Rous,Captain,British,RN,
John Harvey,Captain,British,RN,
Lord William Fitzroy,Captain,British,RN,
D. Atkins,Captain,British,RN,
G.C. Zoutman,LtZ-1,Dutch,,
Walter Stirling,Captain,British,RN,
MARIANO MERINO,CAPITAN,Spanish,,
Robert Barton,Captain,British,RN,
James Rees,Captain,British,EIC,
William Grant,Captain,British,RN,
John Laforey,Captain,British,RN,
Charles Holmes,Captain,British,RN,
Charles Hope,Captain,British,RN,
John Churchill,Captain,British,EIC,
Basil Hall,Captain,British,RN,assets/img/basil_hall.jpg
Nogeree de la Filliere,Cdt.,French,,
ANTONIO DOMONTE,CAPITAN,Spanish,,
Charles Napier,Captain,British,RN,
JUAN BAUTISTA BONET,ALMIRANTE,Spanish,,
Johannes Jansen Eije,Luitenant,Dutch,ADM,
De Castellane la Valette,Cdt.,French,,
William OHara,Captain,British,RN,
John Challoner Jackson,Captain,British,RN,
John Tailour,Captain,British,RN,
M. Du Beauregard,Cdt.,French,,
J. t Hart,3e waak,Dutch,VOC,
P.M. van der Haak,,Dutch,,
Jos Francisco Becerra,Capitan,Spanish,,
C.J. Berghuis,LtZ,Dutch,,
Ampt,Luitenant ter Zee,Dutch,Marine,
JOAQUIN DE OLIVARES,CAPITAN,Spanish,,
J. Haagsma,Kapitein,Dutch,MAR,
James Galbraith,Captain,British,RN,
M. Le Comte de Grasse,Cdt.,French,,assets/img/De_Grasse.jpg
W. Williamson,Captain,British,EIC,
Thomas Dove ,Captain,British,RN,
T. Rietmeijer,Kapitein,Dutch,,
M. Large,Cdt.,French,,
A. de Monye,Kapitein,Dutch,,
ANDR_S SAURI,PILOTO,Spanish,,
C.P. Kuyper,Kapitein,Dutch,,
Van de Koppel,Kapitein,Dutch,,
DOisy,Cdt.,French,,
,,Dutch,MAR,
F.J. Hoffman,,Dutch,,
Joseph Mead,Captain,British,RN,
Christopher Haliday,Captain,British,RN,
John Osborn,Captain,British,RN,
Henry Blackwood,Captain,British,RN,
Carel Bredau,Kapitein,Dutch,MCC,
Henry Raper,Captain,British,RN,
H.J. Jolly,KLtz,Dutch,MAR,
A.A. s Graenwen,,Dutch,,
James Cumming,Captain,British,RN,
C. Visman,Kapitein,Dutch,,
Hilde Hendriksz Hoek,Schipper,Dutch,VOC,
H. Rijsterborgh,Ltz,Dutch,,
M. De Rosily,Cdt.,French,,
L. Fuchs,KLtZ,Dutch,ADM,
Dlpheran,Cdt.,French,,
Edmund Cooke,Author,British,EIC,
Robert Bond,Captain,British,RN,
Taalman,Kapitein,Dutch,ADM,
de Rospiec Trevier,Cdt.,French,,
Engelbertus Lucas,Commandeur,Dutch,WHA,
Zoutman,Kapitein,Dutch,ADM,
Richard Tiddeman,Captain,British,RN,
W. Jacobsen,Kapitein,Dutch,VOC,
Henry Carew,Captain,British,RN,
J. Reynolds,Captain,British,RN,
Mellenik,KLtz,Dutch,Marine,
Van Diemer,Luitenant ter Zee,Dutch,Marine,
Thomas Hicks,Captain,British,RN,
Thomas Field,Author,British,EIC,
Luis Antonio Musquez,Capitan,Spanish,,
Hoffman,,Dutch,,
D. Leeuwerik,Kapitein,Dutch,,
JOSE BUSTILLOS,CAPITAN DE FRAGATA,Spanish,,
Cornelis van Kakom,Schipper,Dutch,MCC,
Charles Ogle,Captain,British,RN,
A. van Dalen,Kapitein,Dutch,MAR,
J Robinson,Captain,British,RN,
George Vandeput,Captain,British,RN,
Thomas Affleck,Captain,British,RN,
C Burrows,Captain,British,EIC,
John Butchart,Captain,British,RN,
D. Smulders,Schipper,Dutch,MCC,
A.P. Klein,,Dutch,,
R. Grivel,Kapitein,Dutch,,
Henry Waterhouse,Captain,British,RN,assets/img/henry_waterhouse.jpg
Roger Mainwaring,Captain,British,RN,
J.G. Huijs,Ktz,Dutch,ADM,
Roger Mainwaring,Captain,British,EIC,
H.P. Visser,Kapitein,Dutch,Particulier,
G. W. Moll,Kapitein,Dutch,MER,
Ewout van Haeftent,,Dutch,ADM,
F. Mathijssen,Kapitein,Dutch,,
,,British,Merchant Navy,
A. Collins,Captain,British,RN,
John Okes (Edward Clarke dead),Captain,British,RN,
M de la Clu,Cdt,French,,
G. Abrahams Jr.,Kapitein,Dutch,,
M. Du Saint Agnant,Cdt.,French,,
Thomas Ridell,Captain,British,EIC,
De Kerlerec,Cdt.,French,,
Anthony Jonyn,Captain,British,RN,
Francis Samuel Drake,Captain,British,RN,
Francis Banks,Captain,British,RN,
Bolken,KLtZ,Dutch,ADM,
MANUEL CORNEJO,CAPITAN,Spanish,,
D. Grim,Kapitein,Dutch,,
A.J. Smit van den Broecke,KLtZ,Dutch,MAR,
A. Bezemer,Kapitein,Dutch,Particulier,
George Legge,Captain,British,RN,
J. Diemer,Kapitein,Dutch,Marine,
John Blanshard,Captain,British,EIC,
Ernst Baronde Peterse,Schout bij nacht,Dutch,ADM,
T. Groot,KtZ,Dutch,ADM,
William Granger,Captain,British,RN,
R.W. Farrington,Captain,British,EIC,
Jos de Merino,Capitan,Spanish,,
C.P. Kuiper,Kapitein,Dutch,,
John Russell,Captain,British,RN,
J. van Sprang,,Dutch,MCC,
J.W. Jollij,LtZ,Dutch,MAR,
N.A. Dijkama,Kapitein,Dutch,,
ANTONIO ZULUETA,CAPITAN,Spanish,,
JOSE DE PUERTAS,,Spanish,,
J.C. Fanning,Kapitein,American,,
Connigsby Norbury,Captain,British,RN,
J.F.G. de la Perouse,Kapitein,French,,
A. Schaap,Kapitein,Dutch,A. van Hoboken & zn. Te Rotterdam.,
John Whitby,Captain,British,RN,
Engelbertus Lucas,Commandeur,Dutch,ADM,
Boelen,Kapitein ter Zee,Dutch,MAR,
Thomas McTaggart,Captain,British,EIC,
Willem van Braam,Kapitein,Dutch,ADM,
J. Zoeteman,KLtz,Dutch,MAR,
Charles Woolsey,Captain,British,RN,
Robert Fanshaw,Captain,British,RN,
Francis Cheyne,Captain,British,EIC,
Hyde Parker,Captain,British,RN,
John Pakenham,Captain,British,RN,
William Abdy,Captain,British,RN,
C. de Jong,Kapitein,Dutch,ADM,
Gerhard Aalbers,Kapitein,Dutch,ADM,
Erasmus Gower,Captain,British,RN,
Andrew Berkley,Captain,British,RN,
Hugh Scott,Captain,British,EIC,
George Hayter,Captain,British,EIC,
Thomas Sanders,Captain,British,EIC,
H. de Rhijn,Kapitein,Dutch,,
J.H. Dibbetz,Kapitein,Dutch,MAR,
Lord Augustus Fitzroy,Captain,British,RN,assets/img/Augustus_FitzRoy.jpg
John Colville,Captain,British,RN,
William Maltby,Captain,British,RN,
Skeffington Lutwidge,Captain,British,RN,
Volmer Knollaert,LtZ,Dutch,,
Kievyt,Kapitein,Dutch,,
ALBERTO OLANDO,CAPITAN,Spanish,,
William Bayne,Captain,British,RN,
JOSE DE CORDOBA,JEFE DE ESCUADRA,Spanish,,
JOSEPH (QUEBEC?),CAPITAN,Spanish,,
Richard Edwards,Captain,British,RN,
F.Cars,,Dutch,,
Josiah Pryce,Captain,British,EIC,
Paling,Luitenant ter Zee,Dutch,MAR,
John Deane,Captain,British,RN,
Bernard Causse,Cdt.,French,,
,,British,RN,
Pen Hallow Cuming,Captain,British,RN,
Charles Buckner,Captain,British,RN,
,,British,EIC,
A. Schaap (A 246),Kapitein,Dutch,"A. Hoboken, Rotterdam",
Hendrik Landleven,Kapitein,Dutch,MCC,
Mark Robinson,Captain,British,RN,
William Christopher,Captain,British,Hudson Bay company,
De Bausset,Cdt,French,,
William Clark,Captain,British,RN,
Richard Toby,Captain,British,RN,
Lt Hyde Parker,Captain,British,RN,
Duintjer,Kapitein,Dutch,,
J. Poort,Kapitein,Dutch,,
C.J. Brugman,Kapitein,Dutch,VOC,
Deshayes de Cry,Cdt.,French,,
J.A. Pronk,,Dutch,,
CAPITAN,MANUEL MIN,Spanish,,
De la Biochaye,Cdt.,French,,
Luis de Videgaray,Capitan,Spanish,,
ROMN DE NOVIA,CAPITAN,Spanish,,
F. Fokkens,Kapitein,Dutch,,
M. Du Beaulieu,Cdt.,French,,
J. van Kerkhoven,Schipper,Dutch,MCC,
Juan A. Gonzlez,Capitan,Spanish,,
Henry Powlett,Captain,British,RN,
J. Wilton,Schipper,Dutch,MCC,
SEBASTIN RUIZ DE APODACA,CAPITAN,Spanish,,
F. Schut,Kapitein,Dutch,,
PEDRO DE LEYBA,CAPITAN,Spanish,,
Buyskes,,Dutch,,
Captain Smedley,Captain,British,EIC,
ANTONIO DE ARCE,CAPITAN,Spanish,,
John Weller,Captain,British,RN,
John Dick,Captain,British,RN,
Edward Pratten,Author,British,RN,
Simon Miller,Captain,British,RN,
J.W. Moll,,Dutch,,
John Davy Foulkes,Captain,British,EIC,
George Grey ,Captain,British,RN,
Francis Ourry,Captain,British,RN,
Charles Masson,Captain,British,EIC,
MR. LOTHE,CAPITAN,Spanish,,
J. de Wilde,Kapitein,Dutch,ADM,
Richard Doveton,Captain,British,EIC,
Anthony Kirby,Captain,British,RN,
William Norman,Captain,British,RN,
De Caumont,Cdt.,French,,
M. Du Repentigny,Cdt.,French,,
Van Daalen,Commandant kolonel,Dutch,MAR,
L. J. de Wuese,KltZ,Dutch,MAR,
Enslie,Ltz,Dutch,ADM,
Job Gerritsen,Kapitein,Dutch,MCC,
Rolland,Cdt.,French,,
Percy Grace,Captain,British,RN,
A. Schaap Mz.,Kapitein,Dutch,,
Dugald Macdougall,Captain,British,EIC,
ANTONIO MESIA,TENIENTE DE NAVO,Spanish,,
PEDRO TRUXILLO,CAPITAN,Spanish,,
Samuel  Sule,Captain,British,EIC,
P. van Hoogwerf,Kapitein,Dutch,Admiraliteit,
A. van Wijk Jurriaanse,Kapitein,Dutch,,
de Paroy,Cdt.,French,,
JUAN DE DIOS IZQUIERDO,CAPITAN,Spanish,,
GABRIEL GUERRA,CAPITN DE FRAGATA,Spanish,,
JULIAN PARREO Y CASTRO,ALFEREZ DE NAVIO,Spanish,,
J.S. Weerstand,Kapitein,Dutch,WIC,
L. Hautepen,Schipper,Dutch,VOC,
ANTONIO DE CRDOVA,CAPITAN,Spanish,,
Ten Boekel,Kapitein,Dutch,,
C.D. Hartman,1e schrijver,Dutch,MAR,
John Moutrey,Captain,British,RN,
SOMAGLIA (?),COMANDANTE (BRIGADIER DE ,Spanish,,
H.C. Albers,Ltz,Dutch,MAR,
Peter Parker,Captain,British,RN,
Cornelis Maarschalk,,Dutch,MCC,
A. Kuvel,Kapitein,Dutch,ADM,
M. Gerritsz. Boos,Opperstuurman,Dutch,VOC,
Robert Digby,Captain,British,RN,
J. Alms,Captain,British,RN,
Jos de Santalices ,Capitan,Spanish,,
FRANCISCO ALESSON,TENIE NTE DE FRAGATA,Spanish,,
Isreal Pellow,Captain,British,RN,
Mart_n Bad_a,Capitan,Spanish,,
Charles Sidney Davies,Captain,British,RN,
George Cockburne,Captain,British,RN,
Matthew Whitwell,Captain,British,RN,
I.P. Machielsen,KtZ.,Dutch,,
C. van Kakom,Kapitein,Dutch,MCC,
,,Dutch,VOC,
Edward Cauldwell,Captain,British,RN,
Grimaldy,Cdt.,French,,
ALBERTO OLAONDO,CAPITAN,Spanish,,
Francis Tinsley,Captain,British,RN,
J.G. Reinitz,Kapitein,Dutch,,
R Roddman,Captain,British,RN,
Adam Ooms,Commandeur,Dutch,WHA,
PEDRO DE LEIVA,CAPITAN,Spanish,,
John Skoltowe,Captain,British,EIC,
A. dHesmivy dAuribeau,Kapitein,French,ADM,
M de Beauregard,cdt.,French,,
A Gurin,Cdt.,French,,
F. Cars,,Dutch,,
J. Hakker,Kapitein,Dutch,,
George Bowen,Captain,British,RN,
De Carn,Cdt.,French,,
Lord John Spencer Churchill,Captain,British,RN,
Pool,KLtZ,Dutch,MAR,
FRANCISCO ANTONIO,CAPITAN,Spanish,,
William Martin,Captain,British,RN,
John Williams,Captain,British,RN,
Thomas Lynn,Captain,British,RN,
Hamilton,Kapitein,American,,
P. van Hoogwerff,Kapitein,Dutch,ADM,
W. Stover,Captain,British,RN,
J. Bougue,Schipper,Dutch,MCC,
M. Du la Jonquiere,Cdt.,French,,
George Collier,Captain,British,RN,
John Peighin,Captain,British,RN,
J.W. Stoll,Ltz.,Dutch,,
Robert Ramsay,Captain,British,RN,
John Piere,Captain,British,EIC,
Richard Rawes,Captain,British,EIC,
J.P. Muller,KLtZ,Dutch,MAR,
George Robinson Walters,Captain,British,RN,
George Hunter,Captain,British,RN,
William Norton,Captain,British,Hudson Bay Company,
Henry Speke,Captain,British,RN,
James Gilchrist,Captain,British,RN,
Edward Riou,Captain,British,RN,
Edward Griffith,Rear Admiral,British,RN,
JUAN DE LANGARA Y HUARTE,CAPITAN,Spanish,,
JOS_ DE JULIN,CAPITAN,Spanish,,
Matthew Buckle,Captain,British,RN,
Cornelis van de Stam,Ltz,Dutch,VOC,
L. Pieterse,Opperstuurman,Dutch,MAR,
P. Hartsinck,Vice Admiraal,Dutch,MAR,
K. van de Erve,Kapitein,Dutch,,
Hugh Palliser,Captain,British,RN,assets/img/hugh_palliser.jpg
Joseph Dudman,Captain,British,EIC,
George Richardson,Captain,British,EIC,
Thomas Pye,Author,British,RN,
W.H. Kramer,Kapitein,Dutch,,
William Hughes,Captain,British,RN,
Thomas Dove,Author,British,RN,
Sir Thomas Williams,Captain,British,RN,
George Welstead,Captain,British,EIC,
Robert Linzee,Captain,British,RN,
N.J.C. van Vos,Ltz,Dutch,,
MIGUEL DE MALLA,CAPITAN,Spanish,,
MARTN DE LAZTARRA,CAPITAN,Spanish,,
John Wentworth Loring,Captain,British,RN,
John Hughes,Captain,British,RN,
Richard Collins,Captain,British,RN,
Charles Elphinstone,Captain,British,RN,
ANGEL LABORDE,CAPITAN,Spanish,,
Arriens,Kapitein,Dutch,MAR,
Kievyt,Kapitein,Dutch,MER,
,,Dutch,MCC,
John Jervis,Captain,British,RN,
Peter Douglas,Captain,British,EIC,
Michel de Sallaberry,Cdt.,French,,
B. Sneyders,Kapitein,Dutch,ADM,
C. Bijll,Ltz,Dutch,ADM,
JUAN DE MENDOZA Y URTADO,CAPITAN,Spanish,,
Zuirijn Dabenis,Kapitein,Dutch,ADM,
James Cranston,Captain,British,RN,
Washington Shirley,Captain,British,RN,
Kramer,Kapitein,Dutch,MER,
ANTONIO DE CORDOBA LAZO DE LA ,CAPITAN DE NAVIO,Spanish,,
Fredrik Breyman,Journaalhouder,Dutch,VOC,
Thomas Hardy,Captain,British,RN,
John Allen,Captain,British,EIC,
La Riviere,Cdt.,French,,
J.J. van der Veen,Kapitein,Dutch,,
Charles Malcolm,Captain,British,RN,
Woolcombe,Captain,British,RN,
Jonker,Kapitein,Dutch,,
John ?,Captain,British,RN,
K.W. Maren,Kapitein,Dutch,Marine,
D. Pruijmelaar,Kapitein,Dutch,MCC,
Knoop,Luitenant ter Zee,Dutch,Marine,
Thomas Fitzherbert,Captain,British,RN,
M. Durtuby,Cdt.,French,,
Sampson Salt,Captain,British,RN,
LUIS RAMREZ DE ARELLANO,CAPITAN,Spanish,,
Peter Clarke,Captain,British,RN,
John Cramer,Captain,British,RN,
ANDR_S VIEZMA,TENIENTE DE NAVO,Spanish,,
T.G. Rienitz,Kapitein,Dutch,,
P. Melvill,Ktz,Dutch,ADM,
Henry Lloyd,Captain,British,RN,
J. v.d. Velden,Adelborst,Dutch,ADM,
Arie Dams,Kapitein,Dutch,VOC,
E. Ippius Fockens,KLtz,Dutch,Marine,
George Ourry,Captain,British,RN,
Capt Coupland,Captain,British,RN,
Solomon Ferris,Captain,British,RN,
William Cornwallis,Captain,British,RN,
Wm. Smalt,,Dutch,MER,
William MacCleverty,Captain,British,RN,
A. van Daalen,Ktz,Dutch,ADM,
De Cry,Cdt.,French,,
William Kinsey,Captain,British,RN,
H.H. Fleugel,Schipper,Dutch,WIC,
Robert Baker,Captain,British,EIC,
William Parks,Captain,British,EIC,
Henry Hanwell,Captain,British,Hudson Bay Company,
Geesteranus,Kapitein ter Zee,Dutch,Marine,
Joseph Sydney York,Captain,British,RN,
Howard Hutchenson,Captain,British,RN,
Jan Palm,Kapitein,Dutch,,
William Affleck,Captain,British,RN,
Luke Dodds,Captain,British,EIC,
J. F. D. Bouricius,Kapitein ter Zee,Dutch,Marine,
J.V. Stellen,Kapitein,Dutch,MCC,
A. Jordan,Schrijver,Dutch,ADM,
M. Du Raye,Cdt.,French,,
Robert Deans,Captain,British,RN,assets/img/robert_deans.jpg
Francis Wyatt,Captain,British,RN,
George Keppel,Captain,British,RN,
Patrick Fotheringham,Captain,British,RN,
Robert Williams,Captain,British,EIC,
JOS_ DE LA VALETA,CAPITN,Spanish,,
Pedro del Barco,Capitan,Spanish,,
Thomas Borradaile,Captain,British,EIC,
JOSEPH SNCHEZ,CAPITAN,Spanish,,
Kearney,Cdt.,French,,
Jan Rijnlende,Kapitein,Dutch,ADM,
Thomas White,Captain,British,RN,
T. COOK,,Spanish,,
Adriaan Jacobse,Kapitein,Dutch,MCC,
N.P. Blommendal,KLtZ,Dutch,ADM,
P. Bezemer,Commandeur,Dutch,ADM,
R.J. Rijken,,Dutch,,
Edward LeCruz,Captain,British,RN,
Dulou,Cdt.,French,,
William Nowell,Captain,British,RN,
M. Ravenel,Cdt,French,,
John Milford,Captain,British,EIC,
P.A. Heybeek,Schrijver,Dutch,MAR,
Jacobus Boelen,Kapitein,Dutch,MER,
G.A. Pool,KLtz,Dutch,ADM,
Edward Clarke,Captain,British,RN,
John Raynor,Captain,British,RN,
Elmer M. Mooij,Stuurman,Dutch,WHA,
,,Dutch,ADM,
M. van Vlaanderen,Kapitein,Dutch,VOC,
Petrus Masschop,Luitenant Kolonel,Dutch,ADM,
MARQU_S DE MEDINA,COMANDANTE,Spanish,,
v.d. Ramhorst,Ltz. 1e kl.,Dutch,Marine,
A. van Dalen,Kapitein,Dutch,ADM,
Frederick Watkins,Captain,British,RN,
Johan Hendrik van Ourijk,Kapitein,Dutch,ADM,
Lucius OBryen,Captain,British,RN,
Jhr. J.E. Lewe van Aduard,Ktz,Dutch,Marine,
JOS_ DE JULIAN,CAPITAN,Spanish,,
Rupert George,Captain,British,RN,
JACINTO CAMAO,CAPITAN,Spanish,,
Andrew Barclay,Captain,British,RN,
Julian Legge ,Captain,British,RN,
William Hay,Captain,British,EIC,
William Hay,Captain,British,RN,
Davidge Gould,Captain,British,RN,
Richard Fisher,Captain,British,RN,
J. W. Moll,LtZ,Dutch,ADM,
MIGUEL DE SIERRA,TENIENTE DE NAVIO,Spanish,,
J. Baak,Luitenant,Dutch,ADM,
EDUARDO LINCH,CAPITAN,Spanish,,
Samuel John Hall,Captain,British,RN,
Frederick Hunn,Captain,British,RN,
Samuel Warren,Captain,British,RN,
Willem Snel,Commandeur,Dutch,WHA,
H. J. Tengbergen,Kltz,Dutch,ADM,
S. Veenstra,,Dutch,MER,
Henry Jenkins,Captain,British,RN,
George Brisac,Captain,British,RN,
Pedro de Llanos,Capitan,Spanish,,
D. Buijs,KLtZ,Dutch,MAR,
Charles Le Blanc,Captain,British,EIC,
Chaloner Ogle,Captain,British,RN,
,,Dutch,Thomas Brouw en Zn.,
J.G. Huijs,Ktz,Dutch,MAR,
P. Bezemer,Commandeur,Dutch,WHA,
J. Bark,Kapitein,Dutch,VOC,
FRANCISCO DE MONTES,CAPITAN,Spanish,,
W. Steffens,Kapitein,Dutch,ADM,
Gearoge Davies,Captain,British,RN,
Thomas Barrow,Captain,British,EIC,
Jonathan Blankett,Captain,British,RN,
Charles Ekins,Captain,British,RN,
Andrew Wilkinson,Captain,British,RN,
John Walker,Captain,British,RN,
Willink,Luitenant ter Zee,Dutch,Marine,
John Charles Roberts,Captain,British,RN,
BUENAVENTURA MORENO,CAPITAN,Spanish,,
Koops,Luitenant ter Zee,Dutch,Marine,
Le Fournier,Lt,French,,
A.C. van Braam Houckgeest,KLtZ,Dutch,MAR,
John Murray,Captain,British,RN,
Thomas Butler,Captain,British,EIC,
James Tait,Captain,British,RN,
Giezen,Kapitein,Dutch,,
Loftus Otway Bland,Captain,British,RN,
M. Du Beauregard de Telincourt,Cdt.,French,,
John Cooke,Captain,British,RN,
Edward Brace,Captain,British,RN,assets/img/edward_brace.jpg
Henry Desteree Darby,Captain,British,RN,assets/img/Henry_d'Esterre_Darby.jpg
J. Boelen,Kapitein,Dutch,,
Andrs Vlez,Capitan,Spanish,,
H. Hartman,Kapitein,Dutch,ADM,
G.C. Alvarez,LtZ,Dutch,,
Edward Edwards,Captain,British,RN,
Pieter van Breen,Journaalhouder,Dutch,MCC,
ANBAL CASONI,CAPITAN,Spanish,,
Robbert Goodwil,Kapitein,Dutch,MCC,
William Barrow,Captain,British,EIC,
James King,Captain,British,RN,
J.H. Forleij,Schrijver,Dutch,MER,
M. De Salambery,Cdt.,French,,
Charles Boyles,Captain,British,RN,
James Douglas,Captain,British,RN,
De Berger,Luitenant,Dutch,Marine,
Dibbetz,Kapitein,Dutch,ADM,
Jacinto de Vargas Machuca,Capitan,Spanish,,
John Woodmore,Captain,British,EIC,
William Farrer,Captain,British,EIC,
Ulke Barendsz,Kapitein,Dutch,VOC-Z,
Cornthwaite Omanny,Captain,British,RN,
William Tucker,Captain,British,RN,
J Gell,Captain,British,RN,
Allen Cooper,Captain,British,EIC,
George Losack,Captain,British,RN,
Thomas Hankerson ,Captain,British,RN,
James Worth,Captain,British,RN,
Henry Edward Stanhope,Captain,British,RN,
Peter Sampson,Captain,British,EIC,
William Brett,Captain,British,RN,
John Hunter,Captain,British,RN,assets/img/john_hunter.jpg
Charles Inglis,Captain,British,RN,
M. De Lacroix,Cdt.,French,,
Jacob Leertouwer,Kapitein,Dutch,VOC,
Cornelus D Wit,Commandant,Dutch,ADM,
Jos Rodr_guez Sol_s,Capitan,Spanish,,
Thomas Adams,Captain,British,RN,
Zeeman,,Dutch,,
Samuel Sule,Captain,British,EIC,
George Tripp,Captain,British,RN,
Stephen Kirwan,Captain,British,EIC,
,,Dutch,Particulier,
Groeneijk,Ltz. 2e kl.,Dutch,Marine,
John Ayscough,Captain,British,RN,
James Feathus,Captain,British,RN,
K. Sweys,,Dutch,,
Stavenisse de Brauw,Lt ter Zee,Dutch,Marine,
J.L. van Hasselt,KLtz,Dutch,Marine,
Richard Hills,Captain,British,RN,
J. F. C. Wardenburg,KtZ,Dutch,ADM,
Edward Packenham,Captain,British,RN,
H.J. Groot,Schrijver,Dutch,MAR,
Edward Le Cras,Captain,British,RN,
JOSE DE LA SOMAGIA,BRIGADIER,Spanish,,
J. de Haan,LtZ 2,Dutch,MAR,
Christopher Parker,Captain,British,RN,
H.A. Jaccomettie,,Dutch,MER,
Thomas DOrves,Cdt.,French,,
Leverson Gower,Captain,British,RN,
Simon Laurentius,Schipper,Dutch,VOC,
J. Schut,Kapitein,Dutch,,
Robert Mends,Captain,British,RN,
J. Valkenburg,kapitein-luitenant,Dutch,MAR,
Enslie,Ltz,Dutch,MAR,
Willem Landsaat,Gezagvoerder,Dutch,,
J.A. van den Velden,Commandant eskader,Dutch,ADM,
Thomas Rigg,Captain,British,RN,
JOSEPH DE SOMAGLIA,BRIGADIER DE MARINA,Spanish,,
M. De Medine,Cdt.,French,,
Nathaniel Bateman,Captain,British,RN,
Charles Phipps,Captain,British,RN,
W.J. Jolly,Kapitein,Dutch,MAR,
William Truscott,Captain,British,RN,
K.J. Jonker,Kapitein,Dutch,Marine,
Charles Adams,Captain,British,RN,
M. Du Breil de Retz,Cdt.,French,,
Patrick Fothringham,Captain,British,RN,
Robert Watson,Captain,British,RN,
Sir John Hamilton ,Captain,British,RN,
Josia Rowley,Captain,British,RN,assets/img/JosiasRowley.jpg
James Cook,Captain,British,RN,assets/img/James_Cook.jpg
Alexander Scott,Captain,British,RN,assets/img/Alexander_Scott.jpg
FRANCISCO ANTONIO MOURELLE,ALFEREZ DE FRAGATA,Spanish,,"assets/img/Mourelle,jpg.jpg"
Robert Keeler,Captain,British,RN,
Edward Clarke (dismissed Jan 1,Captain,British,RN,
Captain Innes,Captain,British,RN,
L.J. Friese,LtZ,Dutch,MAR,
ANTONIO ALBORNOZ,CAPITAN,Spanish,,
J.H.F. Frucht,Ltz 1e kl,Dutch,ADM,
W.J. van Ees,KLtZ,Dutch,MAR,
Edward Buller,Captain,British,RN,assets/img/Sir_Edward_Buller.jpg
Henry Kent,Captain,British,EIC,
LOGORRIZ,CAPITAN,Spanish,,
LUIS DE CRDOBA,CAPITAN,Spanish,,
Thomas Parker,Captain,British,EIC,
J. van der Straalen,Ktz,Dutch,MAR,
H. van Braam,,Dutch,VOC,
JACINTO CAAMAO,CAPITAN,Spanish,,
James Bower,Captain,British,RN,
Francis Reynolds,Captain,British,RN,assets/img/Francis_Reynolds.jpg
W.L. Veerman,Luitenant 2e kl.,Dutch,,
MANUEL FELIPE DE LOYGORRI (?),CAPITAN,Spanish,,
Philip Herbert,Captain,British,EIC,
Peter Clements,Captain,British,RN,
Sir Thomas Adams,Captain,British,RN,
Jos Antonio de Llanos,Capitan,Spanish,,
C. Abrahams,,Dutch,,
Charles Penrose,Captain,British,RN,assets/img/Charles_Penrose.jpg
Reiniersen,,Dutch,,
Adriaan Chatelain,Kapitein,Dutch,MCC,
Charles Brisbane,Captain,British,RN,assets/img/Sir_Charles_Brisbane.jpg